Name,Logo
Actimizer,https://raw.githubusercontent.com/nickatodd/Connectid-Integrations/master/logos/actimizer.png
Actimo,https://raw.githubusercontent.com/nickatodd/Connectid-Integrations/master/logos/actimo.jpeg
Aha!,https://raw.githubusercontent.com/nickatodd/Connectid-Integrations/master/logos/aha.png
Airbrake,https://raw.githubusercontent.com/nickatodd/Connectid-Integrations/master/logos/airbrake.png
Amazon Redshift,https://raw.githubusercontent.com/nickatodd/Connectid-Integrations/master/logos/redshift.png
Anaplan,https://raw.githubusercontent.com/nickatodd/Connectid-Integrations/master/logos/anaplan.png
Apache Spark,https://raw.githubusercontent.com/nickatodd/Connectid-Integrations/master/logos/apachespark.png
Apptivo,https://raw.githubusercontent.com/nickatodd/Connectid-Integrations/master/logos/apptivo.png
Ardoq,https://raw.githubusercontent.com/nickatodd/Connectid-Integrations/master/logos/ardoq.jpeg
Asana,https://raw.githubusercontent.com/nickatodd/Connectid-Integrations/master/logos/asana.png
Assembla,https://raw.githubusercontent.com/nickatodd/Connectid-Integrations/master/logos/assembla.png
AWS Aurora,https://raw.githubusercontent.com/nickatodd/Connectid-Integrations/master/logos/awsaurora.png
AWS EMR,https://raw.githubusercontent.com/nickatodd/Connectid-Integrations/master/logos/awsemr.png
Azure Active Directory,https://raw.githubusercontent.com/nickatodd/Connectid-Integrations/master/logos/office365azureactivedirectory.png
Azure Data Lake,https://raw.githubusercontent.com/nickatodd/Connectid-Integrations/master/logos/azuredatalake.png
Azure ML,https://raw.githubusercontent.com/nickatodd/Connectid-Integrations/master/logos/azureml.png
BambooHR,https://raw.githubusercontent.com/nickatodd/Connectid-Integrations/master/logos/bamboohr.png
Base,https://raw.githubusercontent.com/nickatodd/Connectid-Integrations/master/logos/base.png
Bing,https://raw.githubusercontent.com/nickatodd/Connectid-Integrations/master/logos/bing.png
Bitbucket,https://raw.githubusercontent.com/nickatodd/Connectid-Integrations/master/logos/bitbucket.png
BlueGarden,https://raw.githubusercontent.com/nickatodd/Connectid-Integrations/master/logos/bluegarden.png
Box.Net,https://raw.githubusercontent.com/nickatodd/Connectid-Integrations/master/logos/box.png
Calendly,https://raw.githubusercontent.com/nickatodd/Connectid-Integrations/master/logos/calendly.png
CbInsights,https://raw.githubusercontent.com/nickatodd/Connectid-Integrations/master/logos/cbinsights.png
Chargify,https://raw.githubusercontent.com/nickatodd/Connectid-Integrations/master/logos/chargify.png
Clarizen,https://raw.githubusercontent.com/nickatodd/Connectid-Integrations/master/logos/clarizen.png
Clearbit,https://raw.githubusercontent.com/nickatodd/Connectid-Integrations/master/logos/clearbit.png
Close.Io,https://raw.githubusercontent.com/nickatodd/Connectid-Integrations/master/logos/close.io.png
Companies House,https://raw.githubusercontent.com/nickatodd/Connectid-Integrations/master/logos/companieshouse.jpeg
Customer.io,https://raw.githubusercontent.com/nickatodd/Connectid-Integrations/master/logos/customerio.svg
CVR,https://raw.githubusercontent.com/nickatodd/Connectid-Integrations/master/logos/cvr.png
Dapulse,https://raw.githubusercontent.com/nickatodd/Connectid-Integrations/master/logos/dapulse.png
Data.com,https://raw.githubusercontent.com/nickatodd/Connectid-Integrations/master/logos/data.com.png
Derby,https://raw.githubusercontent.com/nickatodd/Connectid-Integrations/master/logos/apachederby.png
Desk,https://raw.githubusercontent.com/nickatodd/Connectid-Integrations/master/logos/desk.png
Dinero,https://raw.githubusercontent.com/nickatodd/Connectid-Integrations/master/logos/dinero.png
DocSend,https://raw.githubusercontent.com/nickatodd/Connectid-Integrations/master/logos/docsend.png
DocuSign,https://raw.githubusercontent.com/nickatodd/Connectid-Integrations/master/logos/docusign.png
Dreamler,https://raw.githubusercontent.com/nickatodd/Connectid-Integrations/master/logos/dreamler.png
Drip,https://raw.githubusercontent.com/nickatodd/Connectid-Integrations/master/logos/drip.png
Dropbox,https://raw.githubusercontent.com/nickatodd/Connectid-Integrations/master/logos/drop-box.png
Dynamics CRM,https://raw.githubusercontent.com/nickatodd/Connectid-Integrations/master/logos/dynamicscrm.png
e-conomic,https://raw.githubusercontent.com/nickatodd/Connectid-Integrations/master/logos/economic.jpeg
ElasticSearch,https://raw.githubusercontent.com/nickatodd/Connectid-Integrations/master/logos/elasticsearch.png
Eloomi : Learning Management System,https://raw.githubusercontent.com/nickatodd/Connectid-Integrations/master/logos/eloomi.svg
Eloqua,https://raw.githubusercontent.com/nickatodd/Connectid-Integrations/master/logos/eloqua.svg
EMC Greenplum,https://raw.githubusercontent.com/nickatodd/Connectid-Integrations/master/logos/emcgreenplum.png
EventBrite,https://raw.githubusercontent.com/nickatodd/Connectid-Integrations/master/logos/eventbrite.png
Evernote,https://raw.githubusercontent.com/nickatodd/Connectid-Integrations/master/logos/evernote.png
Expensify,https://raw.githubusercontent.com/nickatodd/Connectid-Integrations/master/logos/expensify.png
Facebook,https://raw.githubusercontent.com/nickatodd/Connectid-Integrations/master/logos/facebook.png
Falcon Social,https://raw.githubusercontent.com/nickatodd/Connectid-Integrations/master/logos/falcon.png
Firmafon,https://raw.githubusercontent.com/nickatodd/Connectid-Integrations/master/logos/firmafon.png
Flowdock,https://raw.githubusercontent.com/nickatodd/Connectid-Integrations/master/logos/flowdock.png
Flows,https://raw.githubusercontent.com/nickatodd/Connectid-Integrations/master/logos/flows.png
Freshdesk,https://raw.githubusercontent.com/nickatodd/Connectid-Integrations/master/logos/freshdesk.png
FTP,https://raw.githubusercontent.com/nickatodd/Connectid-Integrations/master/logos/sftp.png
FullContact,https://raw.githubusercontent.com/nickatodd/Connectid-Integrations/master/logos/fullcontact.png
Geckoboard,https://raw.githubusercontent.com/nickatodd/Connectid-Integrations/master/logos/geckoboard.png
Gemini,https://raw.githubusercontent.com/nickatodd/Connectid-Integrations/master/logos/gemini.png
Github,https://raw.githubusercontent.com/nickatodd/Connectid-Integrations/master/logos/github.png
Gmail,https://raw.githubusercontent.com/nickatodd/Connectid-Integrations/master/logos/gmail.png
Google Adsense,https://raw.githubusercontent.com/nickatodd/Connectid-Integrations/master/logos/googleadsenselogo.png
Google Adwords,https://raw.githubusercontent.com/nickatodd/Connectid-Integrations/master/logos/googleadwords.png
Google Alerts,https://raw.githubusercontent.com/nickatodd/Connectid-Integrations/master/logos/googlealerts.png
Google Analytics,https://raw.githubusercontent.com/nickatodd/Connectid-Integrations/master/logos/googleanalytics.png
Google Big Query,https://raw.githubusercontent.com/nickatodd/Connectid-Integrations/master/logos/googlebigquery.png
Google Calendar,https://raw.githubusercontent.com/nickatodd/Connectid-Integrations/master/logos/googlecalender.png
Google Cloud Streaming,https://raw.githubusercontent.com/nickatodd/Connectid-Integrations/master/logos/googlecloudplatformlogo.jpeg
Google Contacts,https://raw.githubusercontent.com/nickatodd/Connectid-Integrations/master/logos/googlecontacts.png
Google Drive,https://raw.githubusercontent.com/nickatodd/Connectid-Integrations/master/logos/google-drive.png
Google Hangouts,https://raw.githubusercontent.com/nickatodd/Connectid-Integrations/master/logos/googlehangouts.png
Google KnowlegdeGraph,https://raw.githubusercontent.com/nickatodd/Connectid-Integrations/master/logos/googleknowlegdegraph.png
Google Plus,https://raw.githubusercontent.com/nickatodd/Connectid-Integrations/master/logos/google-plus.png
Google Search,https://raw.githubusercontent.com/nickatodd/Connectid-Integrations/master/logos/googlesearch.png
Google Trends,https://raw.githubusercontent.com/nickatodd/Connectid-Integrations/master/logos/googletrends.png
GoToMeeting,https://raw.githubusercontent.com/nickatodd/Connectid-Integrations/master/logos/gotomeeting.png
Gravatar,https://raw.githubusercontent.com/nickatodd/Connectid-Integrations/master/logos/gravatar.png
Hadoop,https://raw.githubusercontent.com/nickatodd/Connectid-Integrations/master/logos/hadoop.png
HBase,https://raw.githubusercontent.com/nickatodd/Connectid-Integrations/master/logos/hbase.png
Heroku,https://raw.githubusercontent.com/nickatodd/Connectid-Integrations/master/logos/heroku.png
HipChat,https://raw.githubusercontent.com/nickatodd/Connectid-Integrations/master/logos/hipchat.png
HotJar,https://raw.githubusercontent.com/nickatodd/Connectid-Integrations/master/logos/hotjar.png
HubSpot,https://raw.githubusercontent.com/nickatodd/Connectid-Integrations/master/logos/hubspot.png
IBM Data Lake,https://raw.githubusercontent.com/nickatodd/Connectid-Integrations/master/logos/ibm.png
IBM Db2,https://raw.githubusercontent.com/nickatodd/Connectid-Integrations/master/logos/ibm.png
IBM Db2 AS400,https://raw.githubusercontent.com/nickatodd/Connectid-Integrations/master/logos/ibm.png
IBM Informix,https://raw.githubusercontent.com/nickatodd/Connectid-Integrations/master/logos/ibm.png
IMB Nettezza,https://raw.githubusercontent.com/nickatodd/Connectid-Integrations/master/logos/ibm.png
InfusionSoft,https://raw.githubusercontent.com/nickatodd/Connectid-Integrations/master/logos/infusionsoft.png
Insightly,https://raw.githubusercontent.com/nickatodd/Connectid-Integrations/master/logos/insightly.png
Intercom,https://raw.githubusercontent.com/nickatodd/Connectid-Integrations/master/logos/intercom.png
Jira,https://raw.githubusercontent.com/nickatodd/Connectid-Integrations/master/logos/jira.png
Jive,https://raw.githubusercontent.com/nickatodd/Connectid-Integrations/master/logos/jive.png
Join.Me,https://raw.githubusercontent.com/nickatodd/Connectid-Integrations/master/logos/join.me.png
KissMetrics,https://raw.githubusercontent.com/nickatodd/Connectid-Integrations/master/logos/kissmetrics.png
Klout,https://raw.githubusercontent.com/nickatodd/Connectid-Integrations/master/logos/klout.png
LinkedIn,https://raw.githubusercontent.com/nickatodd/Connectid-Integrations/master/logos/linkedin.png
LinkedIn Sales Navigator,https://raw.githubusercontent.com/nickatodd/Connectid-Integrations/master/logos/linkedin.png
MailBird,https://raw.githubusercontent.com/nickatodd/Connectid-Integrations/master/logos/mailbird.png
MailChimp,https://raw.githubusercontent.com/nickatodd/Connectid-Integrations/master/logos/mailchimp.png
MailGun,https://raw.githubusercontent.com/nickatodd/Connectid-Integrations/master/logos/mailgun.png
Mandrill,https://raw.githubusercontent.com/nickatodd/Connectid-Integrations/master/logos/mandrill.png
Mapr,https://raw.githubusercontent.com/nickatodd/Connectid-Integrations/master/logos/mapr.png
Marketo,https://raw.githubusercontent.com/nickatodd/Connectid-Integrations/master/logos/marketo.jpeg
Meetup,https://raw.githubusercontent.com/nickatodd/Connectid-Integrations/master/logos/meetup.png
Message Bird,https://raw.githubusercontent.com/nickatodd/Connectid-Integrations/master/logos/messagebird.png
Microsoft Dynamics,https://raw.githubusercontent.com/nickatodd/Connectid-Integrations/master/logos/crm.png
Microsoft Office 365,https://raw.githubusercontent.com/nickatodd/Connectid-Integrations/master/logos/office365.jpeg
Microsoft Teams,https://raw.githubusercontent.com/nickatodd/Connectid-Integrations/master/logos/microsoftteams.png
Mongo,https://raw.githubusercontent.com/nickatodd/Connectid-Integrations/master/logos/mongodb.png
MongoDB,https://raw.githubusercontent.com/nickatodd/Connectid-Integrations/master/logos/mongodb.png
MSSQL,https://raw.githubusercontent.com/nickatodd/Connectid-Integrations/master/logos/mssql.png
MySql,https://raw.githubusercontent.com/nickatodd/Connectid-Integrations/master/logos/mysql.png
NewRelic,https://raw.githubusercontent.com/nickatodd/Connectid-Integrations/master/logos/newrelic.png
Nimble,https://raw.githubusercontent.com/nickatodd/Connectid-Integrations/master/logos/nimble.png
OneDrive,https://raw.githubusercontent.com/nickatodd/Connectid-Integrations/master/logos/onedrive.png
OneNote,https://raw.githubusercontent.com/nickatodd/Connectid-Integrations/master/logos/onenote.png
Oracle,https://raw.githubusercontent.com/nickatodd/Connectid-Integrations/master/logos/oracle.png
Outlook Mail,https://raw.githubusercontent.com/nickatodd/Connectid-Integrations/master/logos/outlookmail.png
Owler,https://raw.githubusercontent.com/nickatodd/Connectid-Integrations/master/logos/owler.png
PagerDuty,https://raw.githubusercontent.com/nickatodd/Connectid-Integrations/master/logos/pagerduty.png
Pardot,https://raw.githubusercontent.com/nickatodd/Connectid-Integrations/master/logos/pardot.png
Peakon,https://raw.githubusercontent.com/nickatodd/Connectid-Integrations/master/logos/peakon.png
PeoplSoft,https://raw.githubusercontent.com/nickatodd/Connectid-Integrations/master/logos/peoplesoft.png
Pingdom,https://raw.githubusercontent.com/nickatodd/Connectid-Integrations/master/logos/pingdom.png
Pipedrive,https://raw.githubusercontent.com/nickatodd/Connectid-Integrations/master/logos/pipedrive.png
Pivotal Tracker,https://raw.githubusercontent.com/nickatodd/Connectid-Integrations/master/logos/pivotaltracker.png
PlanDay,https://raw.githubusercontent.com/nickatodd/Connectid-Integrations/master/logos/planday.png
Podio,https://raw.githubusercontent.com/nickatodd/Connectid-Integrations/master/logos/podio.png
PostgreSQL,https://raw.githubusercontent.com/nickatodd/Connectid-Integrations/master/logos/postgresql.png
Power BI,https://raw.githubusercontent.com/nickatodd/Connectid-Integrations/master/logos/powerbi1.png
ProsperWorks,https://raw.githubusercontent.com/nickatodd/Connectid-Integrations/master/logos/prosperworks.png
Qlik,https://raw.githubusercontent.com/nickatodd/Connectid-Integrations/master/logos/qlik.png
QuickBooks,https://raw.githubusercontent.com/nickatodd/Connectid-Integrations/master/logos/quickbooks.png
RapidMiner,https://raw.githubusercontent.com/nickatodd/Connectid-Integrations/master/logos/rapidminer.png
RSS,https://raw.githubusercontent.com/nickatodd/Connectid-Integrations/master/logos/rss.png
S3,https://raw.githubusercontent.com/nickatodd/Connectid-Integrations/master/logos/s3.png
Salesforce,https://raw.githubusercontent.com/nickatodd/Connectid-Integrations/master/logos/salesforce.png
SalesforceIQ,https://raw.githubusercontent.com/nickatodd/Connectid-Integrations/master/logos/salesforceiq.png
Salesforce Service,https://raw.githubusercontent.com/nickatodd/Connectid-Integrations/master/logos/salesforce.png
SalesLoft,https://raw.githubusercontent.com/nickatodd/Connectid-Integrations/master/logos/salesloft.png
SAP,https://raw.githubusercontent.com/nickatodd/Connectid-Integrations/master/logos/sap.png
SAP Hana,https://raw.githubusercontent.com/nickatodd/Connectid-Integrations/master/logos/sap.png
Scrive,https://raw.githubusercontent.com/nickatodd/Connectid-Integrations/master/logos/scrive.png
Segment.Io,https://raw.githubusercontent.com/nickatodd/Connectid-Integrations/master/logos/segment.io.png
SendGrid,https://raw.githubusercontent.com/nickatodd/Connectid-Integrations/master/logos/sendgrid.png
ServiceNow,https://raw.githubusercontent.com/nickatodd/Connectid-Integrations/master/logos/servicenow.png
SFTP,https://raw.githubusercontent.com/nickatodd/Connectid-Integrations/master/logos/sftp.png
Sharepoint,https://raw.githubusercontent.com/nickatodd/Connectid-Integrations/master/logos/sharepoint.png
Similar Tech,https://raw.githubusercontent.com/nickatodd/Connectid-Integrations/master/logos/similartech.png
Similar Web,https://raw.githubusercontent.com/nickatodd/Connectid-Integrations/master/logos/similarweb.png
Sitecore,https://raw.githubusercontent.com/nickatodd/Connectid-Integrations/master/logos/sitecore.png
Skype,https://raw.githubusercontent.com/nickatodd/Connectid-Integrations/master/logos/skype.png
Slack,https://raw.githubusercontent.com/nickatodd/Connectid-Integrations/master/logos/slack.png
SOLR,https://raw.githubusercontent.com/nickatodd/Connectid-Integrations/master/logos/solr.png
Stack OverFlow,https://raw.githubusercontent.com/nickatodd/Connectid-Integrations/master/logos/stackoverflow.png
Stack Share,https://raw.githubusercontent.com/nickatodd/Connectid-Integrations/master/logos/stackshare.png
Stripe,https://raw.githubusercontent.com/nickatodd/Connectid-Integrations/master/logos/stripe.png
SugarCRM,https://raw.githubusercontent.com/nickatodd/Connectid-Integrations/master/logos/sugar.png
Survey Monkey,https://raw.githubusercontent.com/nickatodd/Connectid-Integrations/master/logos/surveymonkey.png
SVN,https://raw.githubusercontent.com/nickatodd/Connectid-Integrations/master/logos/svn.png
Tatango,https://raw.githubusercontent.com/nickatodd/Connectid-Integrations/master/logos/tatango.png
Team Foundation Server,https://raw.githubusercontent.com/nickatodd/Connectid-Integrations/master/logos/teamfoundationserver.png
TeamWork,https://raw.githubusercontent.com/nickatodd/Connectid-Integrations/master/logos/teamwork.png
Teamwork Desk,https://raw.githubusercontent.com/nickatodd/Connectid-Integrations/master/logos/teamworkdesk.png
Templafy,https://raw.githubusercontent.com/nickatodd/Connectid-Integrations/master/logos/templafy.png
Teradata,https://raw.githubusercontent.com/nickatodd/Connectid-Integrations/master/logos/teradata.png
Timelog,https://raw.githubusercontent.com/nickatodd/Connectid-Integrations/master/logos/timelog.png
TradeShift,https://raw.githubusercontent.com/nickatodd/Connectid-Integrations/master/logos/tradeshift.jpeg
Trello,https://raw.githubusercontent.com/nickatodd/Connectid-Integrations/master/logos/trello.png
TrustPilot,https://raw.githubusercontent.com/nickatodd/Connectid-Integrations/master/logos/trustpilot.png
Twilio,https://raw.githubusercontent.com/nickatodd/Connectid-Integrations/master/logos/twi.png
Twitter,https://raw.githubusercontent.com/nickatodd/Connectid-Integrations/master/logos/twitter.png
UserVoice,https://raw.githubusercontent.com/nickatodd/Connectid-Integrations/master/logos/uservoice.png
Vertica,https://raw.githubusercontent.com/nickatodd/Connectid-Integrations/master/logos/vertica.jpeg
Web Crawler,https://raw.githubusercontent.com/nickatodd/Connectid-Integrations/master/logos/webcrawler.png
webCRM,https://raw.githubusercontent.com/nickatodd/Connectid-Integrations/master/logos/webcrm.jpeg
Wikipedia,https://raw.githubusercontent.com/nickatodd/Connectid-Integrations/master/logos/wikipedia.png
WordPress,https://raw.githubusercontent.com/nickatodd/Connectid-Integrations/master/logos/wordpress.png
Workday,https://raw.githubusercontent.com/nickatodd/Connectid-Integrations/master/logos/workday.gif
Wrike,https://raw.githubusercontent.com/nickatodd/Connectid-Integrations/master/logos/wrike.png
Wunderlist,https://raw.githubusercontent.com/nickatodd/Connectid-Integrations/master/logos/wunderlist.png
Yammer,https://raw.githubusercontent.com/nickatodd/Connectid-Integrations/master/logos/yammer.png
YouTube,https://raw.githubusercontent.com/nickatodd/Connectid-Integrations/master/logos/youtube.png
Zapier,https://raw.githubusercontent.com/nickatodd/Connectid-Integrations/master/logos/zapier.png
Zendesk,https://raw.githubusercontent.com/nickatodd/Connectid-Integrations/master/logos/zendesk.png
Zoho CRM,https://raw.githubusercontent.com/nickatodd/Connectid-Integrations/master/logos/zohocrm.png
Zoom,https://raw.githubusercontent.com/nickatodd/Connectid-Integrations/master/logos/zoom.png
Zuora,https://raw.githubusercontent.com/nickatodd/Connectid-Integrations/master/logos/zuora.jpeg